id,x,y
0,1.0,1.060850749607731
1,1.2,1.4601522191134244
2,1.4,1.7950431787792722
3,1.6,2.1087608666250643
4,1.8,2.337989629085408
5,2.0,2.529336993169202
6,2.2,2.67944026136118
7,2.4000000000000004,2.892559775081736
8,2.6,2.885179063570813
9,2.8,2.8953325112646353
10,3.0,3.013704175592621
11,3.2,3.0580120356015508
12,3.4000000000000004,2.8266118695551086
13,3.6,2.7739494944020135
14,3.8000000000000003,2.634377788875487
